A_lat,A_long,A_locality,B_lat,B_long,B_locality,month,weekday,hour,car_distance,pt_distance,car_time,pt_time
45.47920717464427,9.255105959713898,Lambrate,45.49010641378294,9.122538055658453,Lampugnano,February,Saturday,6,27619,14836,1264,5254
45.44499310149127,9.183651138997925,Morivione,45.48585329298924,9.211292991538672,Centrale,December,Saturday,22,7263,8752,1057,2615
45.48502347570125,9.235246336306208,Città Studi,45.44280768077435,9.21470997334141,Lodi - Corvetto,November,Thursday,7,12147,8526,929,1842
45.43713145808179,9.23784730835227,Rogoredo,45.442030487222496,9.190020798011846,Ex Om - Morivione,November,Sunday,13,7964,7098,923,2842
45.5105873513444,9.210027029071687,Segnano,45.44869518756764,9.135714141257713,Giambellino,June,Thursday,2,12081,12935,1439,13252
45.44367329627629,9.132962495162209,Giambellino,45.448105160624195,9.240569449881182,Taliedo,January,Friday,11,30019,13787,1862,5060
45.47297594970114,9.1656648112321,Pagano,45.47898536633599,9.159074037128802,Tre Torri,November,Tuesday,23,1350,1209,343,1250
45.43139022569155,9.255999716210017,Triulzo Superiore,45.47309068581429,9.113701151559505,Quarto Cagnino,May,Thursday,8,37810,20000,2540,3473
45.484045517873206,9.220399864981195,Città Studi,45.50516830670132,9.223758445623044,Gorla,August,Saturday,18,2711,3077,554,1189
45.456302312955266,9.180568841838287,Porta Ticinese,45.506048078002955,9.158264720570815,Bovisa,June,Wednesday,9,9629,9352,1688,3685
45.51365252844787,9.255336515667828,Adriano,45.45094228067596,9.212362303733475,Porta Romana,March,Friday,9,15993,13874,1164,3635
45.42235984502345,9.183586905148722,Chiesa Rossa,45.493841225738244,9.243522217052616,Parco Lambro,January,Sunday,2,17827,22133,1549,6928
45.42763459517998,9.129197691405922,Ronchetto sul Naviglio,45.43761818611229,9.214143603404613,Vaiano Valle,January,Tuesday,2,9859,10792,1182,12219
45.48121169040759,9.193350242496226,GARIBALDI REPUBBLICA,45.46077814653795,9.136529708591643,Bande Nere,January,Monday,21,7008,6807,1041,2117
45.491942402110176,9.154790149519856,Cagnola,45.43057358827488,9.170225451550023,Conca Fallata,April,Thursday,18,8903,12424,1628,3711
45.463506602670634,9.146983977313681,Bande Nere,45.44425538818109,9.135599104541775,Giambellino,November,Sunday,4,3285,4461,469,3456
45.50402482575454,9.21257189799979,Greco,45.4513393007006,9.134583399268507,Bande Nere,November,Sunday,9,11565,12213,1352,4119
45.50881804926377,9.19671478266074,Prato Centenaro,45.47186136146462,9.11406815914231,Quarto Cagnino,January,Friday,15,16024,11336,1342,2809
45.457882296625314,9.23946267842795,La Trecca,45.436227852637565,9.150405950763112,Barona,June,Thursday,1,9131,12721,1073,5190
45.43540879835345,9.18670202225999,Stadera,45.4665705291395,9.158889463277244,Pagano,February,Wednesday,3,5397,5940,725,4235
45.454962409855305,9.121699094987802,Lorenteggio,45.43874786889141,9.1958272824189,Ex Om - Morivione,June,Thursday,18,7475,11235,1358,3208
45.461520660927754,9.159066356881926,Washington,45.444289935632945,9.178146982681207,Ticinese,October,Tuesday,23,3516,4197,593,2499
45.51550267157716,9.224396179684458,Precotto,45.50007902946335,9.150008153390688,Villapizzone,August,Tuesday,9,8888,10001,1468,2528
45.49446300184754,9.253991027174418,San Gregorio,45.442590014857,9.226995475167193,Corvetto,October,Friday,11,11036,12320,594,3996
45.46049994545853,9.245005761175005,Quartiere Forlanini,45.46488759065818,9.162036712094663,Washington,March,Wednesday,7,9796,7354,1815,3565
45.441105410454256,9.126223159728085,Giambellino,45.47794173620507,9.144896206224864,De Angeli - Monte Rosa,March,Saturday,1,7315,7333,845,4464
45.494805661635404,9.238926587839947,Rottole,45.495949821955655,9.241945164946051,Cimiano,June,Wednesday,8,903,535,232,555
45.50370853763,9.161287984500662,Bovisa,45.50243716749086,9.117560252819889,Garegnano,November,Friday,14,6706,5905,750,3005
45.493403625301035,9.251986309185913,Parco Lambro,45.447946072006935,9.256426880362556,Taliedo,December,Sunday,4,6423,10956,401,5813
45.45593377505805,9.156493322524456,Tortona,45.48774604042173,9.217578923525897,Loreto,March,Monday,1,7525,10455,1192,4273
45.50550365133754,9.176153724845674,Dergano,45.46206820975289,9.229692741657463,Corsica,March,Saturday,20,7895,7571,1439,2928
45.48588182996656,9.18150145514869,Porta Volta,45.446051814849895,9.232495278743981,Lodi - Corvetto,March,Tuesday,1,7768,10879,1119,5347
45.44123720388032,9.231763995580078,Corvetto,45.50140622675664,9.121582119103806,Boldinasco,April,Monday,9,13668,19631,2294,4396
45.469290178161714,9.123538179791929,Quarto Cagnino,45.498708398010145,9.125413179586237,Boldinasco,July,Saturday,19,5707,8259,806,2879
45.46990521418266,9.137545278925433,Selinunte,45.48217226933363,9.155398707306084,Portello,April,Wednesday,14,2436,2816,478,1815
45.45409295897049,9.121922686515425,Lorenteggio,45.497461927308485,9.184267542610698,Dergano,January,Thursday,3,8921,9858,1190,5220
45.4424997613359,9.13028481592162,Giambellino,45.44699476975133,9.172187794711403,Zona Navigli,December,Tuesday,15,4569,4091,841,2235
45.48551236199262,9.116165068607744,Lampugnano,45.46533503731996,9.138152023061515,Bande Nere,April,Monday,18,3671,4457,476,2598
45.519029397370126,9.184054878700147,Parco Nord,45.47144195701551,9.15780664137187,Pagano,April,Saturday,1,14363,18465,1012,5888
45.46548439280887,9.189040432206816,Duomo,45.47585799272981,9.117557492463568,San Siro,September,Thursday,18,6695,10673,1626,2334
45.48924500115724,9.154182045567959,Cagnola,45.46087595332394,9.190367066527665,Duomo,April,Wednesday,12,6516,4991,1518,2170
45.441602829271424,9.157902571415752,San Cristoforo,45.46329877367909,9.134176525100655,Bande Nere,March,Saturday,12,3879,4034,711,2464
45.47396506427984,9.230113044274976,Città Studi,45.452369589922306,9.226320960281203,Ortomercato,October,Monday,7,3622,3207,666,1491
45.444524586832735,9.224255978083864,Lodi - Corvetto,45.46392928430199,9.199552031055582,Guastalla,July,Tuesday,11,3538,4083,800,1810
45.49528722861811,9.135600486199653,Boldinasco,45.47704216758188,9.133660617507898,San Siro,April,Monday,8,4934,5342,744,2454
45.5150401093444,9.130722729944205,Vialba,45.46305525235477,9.236976807841522,Corsica,May,Monday,12,28819,12161,1683,4874
45.493171794187745,9.146522028506814,Boldinasco,45.438103838649596,9.12344410061205,Ronchetto sul Naviglio,November,Friday,6,8540,9360,1068,4080
45.495930269328085,9.184817172485786,Isola,45.451444322973785,9.222726150761924,Ortomercato,February,Friday,20,6805,7088,1292,2581
45.436614138759275,9.215159013999614,Vaiano Valle,45.448595562453605,9.123862608003401,Lorenteggio,July,Tuesday,12,9441,9190,1421,3831
45.43043119070089,9.244232210382803,Rogoredo,45.47107361253959,9.253205097102622,Cascina Casanova,August,Tuesday,13,8122,7106,571,3688
45.46449502903967,9.145036753341875,Bande Nere,45.46381447967783,9.22854667448219,Corsica,December,Sunday,6,8790,10086,1258,4093
45.4273219612307,9.128322201966094,Ronchetto sul Naviglio,45.462785059111404,9.153320650306753,Washington,April,Sunday,5,6030,10732,744,4937
45.50509452750995,9.121368173507575,major cemetery of Milan,45.42710905098981,9.140951458478922,Boffalora,June,Sunday,5,12107,15320,1258,8501
45.48133144916641,9.137913687883922,Ippodromo del Galoppo,45.50408221524119,9.127048869324792,Garegnano,January,Sunday,12,4207,5333,643,2083
45.45292599584645,9.203352971038049,Porta Romana,45.51997790685121,9.172937055072914,Affori,January,Wednesday,4,9756,12696,1264,3630
45.43463234373323,9.193797026389836,Morivione,45.43694058044812,9.172468714993828,Moncucco,October,Friday,17,2856,2585,873,1669
45.43778632426052,9.144086517810916,Restocco Maroni,45.4865592745455,9.221657993047605,Loreto,January,Tuesday,18,12271,11609,1935,3498
45.42758559825416,9.202068191293636,Ripamonti,45.44541512711629,9.159269807782596,San Cristoforo,October,Saturday,21,5240,5675,658,3031
45.44059757705014,9.171510490423953,Moncucco,45.427456599632286,9.15587964986103,Quartiere Sant’Ambrogio,June,Saturday,22,3025,6544,370,1933
45.45639620293612,9.155271942726898,Washington,45.46948454946076,9.121727846286941,Quarto Cagnino,December,Tuesday,5,4212,3712,608,3351
45.47185679541791,9.123017111332084,San Siro,45.508112637265036,9.145827713729824,Villapizzone,August,Tuesday,7,8045,9077,1157,3998
45.502398719827376,9.118863384120338,Garegnano,45.509435785967725,9.190880744830656,Niguarda,June,Wednesday,20,12957,9027,1055,3751
45.515623620961655,9.228414538737255,Precotto,45.51390892777902,9.223373108417473,Precotto,February,Saturday,5,1007,496,210,539
45.499122199146555,9.192734502395801,Zona Zara,45.49481569003482,9.148151912578642,Cagnola,August,Saturday,23,4944,4918,649,2707
45.444196668537735,9.201664182333674,Scalo Romana,45.44519554884258,9.139913300715065,Giambellino,January,Thursday,0,6206,6094,813,3531
45.43094138598738,9.22997192360713,Nosedo,45.443941454713496,9.160356956355924,San Cristoforo,August,Tuesday,13,6814,7220,1236,3695
45.47643930380865,9.229544598463455,Città Studi,45.473083820012654,9.231795788347306,Città Studi,March,Monday,12,710,538,185,570
45.45198202180784,9.221043066969775,Umbria - Molise,45.48662974309986,9.185615748560465,GARIBALDI REPUBBLICA,July,Sunday,14,6675,5932,1091,2999
45.42426054568793,9.172563955812585,Stadera,45.48044761596041,9.251377219784187,Lambrate,February,Saturday,10,28172,14041,1418,4625
45.470722419351574,9.159694208788142,Pagano,45.50674660497675,9.244137766657337,Padova,March,Sunday,21,9703,9655,1409,3707
45.483534247234346,9.234689838711363,Città Studi,45.48089445298861,9.135190267630497,Ippodromo del Galoppo,November,Wednesday,12,12283,10309,2096,2528
45.51805941000363,9.128352784119027,Vialba,45.447345977573455,9.213771686659934,Umbria - Molise,August,Saturday,18,33189,16954,2172,4303
45.502397527399125,9.201886007137986,Prato Centenaro,45.51724234331561,9.16651926108592,Affori,October,Thursday,18,5147,5193,1094,2012
45.47382057892298,9.220028138794548,Città Studi,45.50409840749086,9.207703619957897,Greco,November,Monday,12,4822,5515,879,2806
45.46428338562572,9.161821856521623,Washington,45.47002666619554,9.169610681370543,Magenta - San Vittore,January,Thursday,11,1243,1041,325,1109
45.48042632138165,9.203650379947456,Buenos Aires - Venezia,45.520783825643846,9.177889687685093,Parco Nord,March,Saturday,4,5506,7767,788,3390
45.48842383140159,9.20196079508883,Abbadesse,45.46305332762312,9.247573241887219,Cavriano,July,Wednesday,1,7390,10331,776,16538
45.46217668119644,9.253202329148767,Cascina Casanova,45.4463121121612,9.182890585105294,Ticinese,June,Monday,19,12337,7860,1146,3297
45.51799211772037,9.173582307200451,Affori,45.43436283645401,9.198178814283967,Ripamonti,May,Sunday,6,14327,11277,1590,3595
45.46814306181604,9.160352278375507,Pagano,45.519281021190324,9.131121250509688,Vialba,November,Tuesday,0,7869,7629,813,4059
45.515818367728116,9.23050674386224,Precotto,45.51052538408027,9.127677135346158,Musocco,July,Sunday,13,18200,23004,1153,4686
45.452938026394634,9.246215001714829,Taliedo,45.468964422386684,9.209993206030282,Porta Monforte,October,Sunday,14,5270,4281,892,2605
45.50566185989904,9.169782227023715,Dergano,45.461548987588095,9.182948763080015,Duomo,June,Tuesday,13,7805,7565,1536,2657
45.44492228202989,9.170468032588785,Moncucco,45.51016385281359,9.139954741938942,Quarto Oggiaro,May,Thursday,14,9298,11039,1687,3851
45.48254610485867,9.192460654967173,GARIBALDI REPUBBLICA,45.431539797334594,9.256539946247623,Triulzo Superiore,February,Sunday,20,11134,9857,1241,2201
45.46873313983506,9.116778137743983,Quarto Cagnino,45.46409688742373,9.170979389186595,Magenta - San Vittore,February,Thursday,9,5881,6775,1121,2270
45.441114630168244,9.247906196271114,Mecenate,45.500011776383886,9.175436179864898,Dergano,February,Thursday,20,11764,13522,1818,4083
45.50444050909516,9.118334461752998,major cemetery of Milan,45.48818941888015,9.212711729790207,Loreto,August,Saturday,14,10265,13636,1277,3311
45.452567864556485,9.235882113728382,Ortomercato,45.49108236232427,9.234399363820554,Casoretto,April,Wednesday,5,9422,6425,866,3792
45.42309894321344,9.18529230131118,Chiesa Rossa,45.464421620656395,9.129056365149577,Bande Nere,November,Friday,1,8965,8626,1074,5778
45.479190908562394,9.182634729623022,Milano Area C,45.43210407563073,9.227215822891463,Nosedo,August,Thursday,17,8774,10309,1945,3053
45.47410894655945,9.188198305305727,Milano Area C,45.5068358883982,9.146787309718,Villapizzone,April,Thursday,7,6523,5862,1022,3130
45.42838621430956,9.229560217738618,Nosedo,45.44150217179059,9.151246096192663,San Cristoforo,May,Tuesday,0,7243,7341,820,3723
45.45642918419139,9.159885543118053,Tortona,45.450241148763524,9.122207041418797,Lorenteggio,November,Monday,1,4768,5611,651,3957
45.497918616832656,9.142351975917043,Boldinasco,45.46524156280274,9.14261326885797,Bande Nere,February,Friday,3,5333,4551,716,4290
45.44951741732129,9.175904260892482,Zona Navigli,45.426428581764284,9.18827356294383,Stadera,October,Sunday,16,4599,3988,676,3246
45.4983529867775,9.125409916850991,Boldinasco,45.50354083518949,9.250670902206744,Cimiano,December,Saturday,8,22460,19098,1210,4602
45.484031475677405,9.177600749999934,Porta Volta,45.46920447302181,9.249543330662874,Cavriano,May,Thursday,10,7047,8693,1350,3358
45.43066485950804,9.187947660898093,Stadera,45.49619121844279,9.217179575031045,Greco,June,Thursday,8,9663,13060,1964,4468
45.439654673043684,9.230130520132208,Corvetto,45.48293814967613,9.128474154993343,Ippodromo del Galoppo,May,Wednesday,4,15085,14510,1789,5600
45.45129936487092,9.205569617180483,Porta Romana,45.51998716008183,9.160319063268613,Bovisasca,March,Friday,16,12300,11664,2482,3282
45.474707423601465,9.217736368132446,Città Studi,45.508896758766845,9.253478802729619,Crescenzago,July,Wednesday,21,5099,6928,604,3190
45.47950071479738,9.225163997335834,Città Studi,45.43168409073208,9.1227037091608,Ronchetto sul Naviglio,June,Wednesday,19,13298,14794,2286,3368
45.42718605235124,9.152222404341066,Boffalora,45.50513237985308,9.176829216799694,Dergano,March,Tuesday,22,11597,12383,1394,4064
45.47561224745387,9.23916826143274,Lambrate,45.495684260464216,9.215549605441906,Greco,December,Wednesday,18,5874,5869,1233,2880
45.470253430540275,9.214251838697379,Cascina Acquabella,45.43427873519561,9.124175679548058,Ronchetto sul Naviglio,January,Friday,23,10645,12186,1317,4584
45.51648618572241,9.113723278293337,Roserio,45.49039014607158,9.161379088033154,Ghisolfa,October,Saturday,4,5378,5756,603,4600
45.481523787093394,9.220158145367684,Città Studi,45.43798903670586,9.206833326044128,Scalo Romana,March,Wednesday,19,6826,9131,1098,3227
45.45113835651214,9.192734335867554,Vigentina,45.488686929049706,9.218106993882376,Loreto,June,Saturday,4,5250,5524,767,3289
45.42420880536434,9.222822999088029,Nosedo,45.42220698675065,9.209658818195951,Macconago,September,Thursday,13,4494,5698,701,4133
45.482549807269756,9.188650523096722,GARIBALDI REPUBBLICA,45.48624790881062,9.204330062711806,Centrale,March,Tuesday,5,2276,1835,430,1354
45.475579286907866,9.251762534438852,Lambrate,45.439541259244145,9.220304272105192,Lodi - Corvetto,May,Wednesday,8,8395,6942,727,3542
45.510992575162895,9.202845259448209,Segnano,45.47231330216293,9.210167223617322,Porta Monforte,July,Tuesday,16,5854,5527,1224,2590
45.469208337713845,9.163165592931062,Pagano,45.47994703197987,9.215521290931685,Città Studi,April,Thursday,3,5454,8178,934,2974
45.479846014071896,9.18034720813632,Sarpi,45.47142469860052,9.145311823241618,De Angeli - Monte Rosa,April,Friday,15,4175,6085,923,2338
45.50399256036242,9.189761652935594,Montalbino,45.48180238085749,9.133025958158346,Ippodromo del Galoppo,September,Sunday,13,9218,9525,1185,3524
45.46587087114106,9.117161856478548,Quarto Cagnino,45.49674061035863,9.21564225167823,Greco,March,Monday,12,11643,13170,1514,3057
45.50167498664904,9.2045965836099,Maciachini - Maggiolina,45.45990507098599,9.175940144801324,Porta Genova,August,Monday,19,7232,6251,1372,2118
45.44601016136521,9.115411095602845,Lorenteggio,45.48986769036323,9.118904421095236,Gallaratese,August,Monday,3,6143,14304,630,5977
45.42324209251444,9.222487557124198,Vaiano Valle,45.49524797768425,9.21087026953067,Cassina de' Pomm,December,Monday,6,9743,14207,1356,5199
45.4366644742774,9.13394917047614,Ronchetto sul Naviglio,45.44813234056387,9.203744586430503,Porta Romana,March,Tuesday,20,7448,8468,986,3679
45.49667083461557,9.204577581554027,Cassina de' Pomm,45.47682463978981,9.233821102704505,Città Studi,October,Monday,9,4319,5574,930,2921
45.46674185581285,9.165127502307875,Pagano,45.469257431530586,9.153231755270365,De Angeli - Monte Rosa,March,Saturday,6,1257,1390,206,926
45.516835215688985,9.254261426488778,Adriano,45.430955605435315,9.206417674480551,Ripamonti,March,Wednesday,22,17473,15864,1210,6632
45.43673548369011,9.159486773024604,Barona,45.42701974644179,9.221895920441591,Vaiano Valle,July,Saturday,23,6211,6334,672,3187
45.49016404234058,9.24759987875579,Lambrate,45.44337128130503,9.131556561022537,Giambellino,September,Saturday,20,35231,14918,1642,4058
45.43103921212862,9.227381914797892,Nosedo,45.4951645960796,9.127945995185483,Boldinasco,March,Friday,7,15229,18649,2597,4599
45.50099118175142,9.230681394033182,Turro,45.434976125269905,9.231745753356721,Nosedo,June,Tuesday,19,17128,12467,1140,3971
45.44848749941155,9.158958807587762,Zona Navigli,45.4354680613106,9.225390919019718,Corvetto,May,Monday,13,7397,9586,1004,3327
45.491907716455785,9.132448218458055,Gallaratese,45.47388751700628,9.235706307320132,Città Studi,December,Thursday,6,11592,12712,1770,4146
45.45448177684757,9.125611079828797,Lorenteggio,45.45072307296083,9.220605550307612,Umbria - Molise,November,Friday,4,9327,10715,1197,4618
45.493163304597545,9.174510836939396,Farini,45.48850797722782,9.161205031531743,Ghisolfa,July,Saturday,18,3335,2716,632,1837
45.501508473282584,9.204288598395067,Maciachini - Maggiolina,45.464735234780434,9.132969332319007,Bande Nere,December,Friday,3,8997,9611,1167,6160
45.49249074189183,9.23667000534523,Rottole,45.51595714966065,9.198155651895828,Prato Centenaro,May,Sunday,6,6503,10300,964,3065
45.433346106472676,9.170955964181312,Stadera,45.50066791331585,9.161902406246478,Bovisa,February,Sunday,5,10743,10343,1373,5407
45.43222216283238,9.194368323444934,Ripamonti,45.44201803483795,9.255638118180197,Mecenate,March,Monday,3,10616,10436,816,7042
45.501379917100415,9.215086175692212,Greco,45.48704761147218,9.213494918476146,Loreto,November,Friday,7,2452,3599,443,1733
45.47302265184432,9.21905656199926,Città Studi,45.42280236403809,9.194232682554693,Parco delle Abbazie,August,Thursday,9,8143,8385,1333,4315
45.504937717628955,9.22083367182643,Gorla,45.47060643220578,9.195957249068504,Duomo,May,Tuesday,21,6542,5358,1140,1973
45.45556158322599,9.136511774347657,Arzaga,45.482987277289645,9.15994179327487,Portello,October,Friday,15,4852,8077,946,2523
45.46386723950889,9.18172919409956,Duomo,45.464311830925986,9.123586434085556,Forze Armate,June,Sunday,10,5434,6361,947,2266
45.43158681076186,9.231092903072689,Nosedo,45.45246185306343,9.249340635306876,Taliedo,June,Tuesday,5,6938,8337,584,4919
45.48611583079294,9.22288693572195,Casoretto,45.446400804660705,9.160706660628962,Zona Navigli,August,Thursday,1,9256,10810,1204,4420
45.48502852355845,9.223228462086409,Città Studi,45.48881628757598,9.181301895683704,Farini,April,Thursday,22,4679,4982,670,2533
45.495033470766884,9.141867365937284,Boldinasco,45.49717831872024,9.134807453840331,Garegnano,January,Sunday,23,902,706,169,734
45.45339960208057,9.256900898019117,Taliedo,45.474863003521705,9.151098611934906,De Angeli - Monte Rosa,February,Monday,5,31146,10495,1386,5155
45.50458414900434,9.244150194191347,Padova,45.45743155106963,9.214144472293055,XXII Marzo,March,Saturday,3,11516,9942,888,4966
45.46843061891818,9.124216267827919,Quarto Cagnino,45.505047271554616,9.20683354503774,Segnano,May,Sunday,4,9793,13906,1313,6685
45.472224982624326,9.142108226647947,Selinunte,45.43141545355348,9.142210707054847,Ronchetto Sul Naviglio,April,Tuesday,5,6157,5950,701,3606
45.44960953419443,9.21079762150894,Porta Romana,45.50053578090597,9.244801189934744,Cimiano,March,Thursday,23,12234,10876,972,3741
45.50985053153294,9.21516305611364,Segnano,45.513891640530424,9.219065575398433,Precotto,October,Friday,8,938,823,165,679
45.47253391005756,9.248676865917187,Ortica,45.492364303243754,9.200714492415095,Maciachini - Maggiolina,June,Saturday,0,6210,6453,815,3762
45.515523021997744,9.227087151023625,Precotto,45.502254608777534,9.124427341713481,Garegnano,April,Thursday,7,13045,17049,1895,3250
45.449181450798875,9.191571726475487,Vigentina,45.437875015030706,9.226607691782965,Corvetto,November,Friday,4,4185,3836,564,3165
45.493287331654614,9.183954171429635,Isola,45.42395218194653,9.23062240221676,Parco della Vettabbia,December,Monday,15,10635,11726,1753,3667
45.48969912085968,9.24152262399256,Rottole,45.45807281182493,9.200809693827468,Guastalla,July,Wednesday,19,8150,8534,1120,2632
45.50969235736272,9.22239567151882,Precotto,45.476763206833226,9.139289733200183,Selinunte,April,Friday,19,10510,10949,1653,2503
45.46910998181806,9.118652623586216,Quarto Cagnino,45.46424502283574,9.252566712698826,Cascina Casanova,June,Sunday,23,14091,18281,1701,5524
45.48885328420703,9.244081739997707,Lambrate,45.491686913162056,9.256736449002208,San Gregorio,March,Thursday,6,3258,2246,480,2950
45.43300686908734,9.229183038009081,Nosedo,45.43708374639955,9.173972919937366,Stadera,October,Monday,1,5826,6592,805,5202
45.485082910605364,9.229281200134865,Casoretto,45.46454535526668,9.1123363681504,Forze Armate,February,Sunday,19,12780,12732,1921,4000
45.48708021644051,9.246817380585478,Lambrate,45.51911733811752,9.161594783646448,Bovisasca,May,Sunday,21,21226,10668,1182,4487
45.43000969397873,9.240865852842612,Rogoredo,45.49917263689284,9.153175275788541,Villapizzone,March,Wednesday,20,32516,16879,1665,4376
45.470634268445245,9.187602409972424,Milano Area C,45.51226135240365,9.236643201883082,Precotto,September,Wednesday,9,7882,9085,1469,2766
45.514432507147696,9.239067131178643,Adriano,45.42401902900355,9.217731354535395,Vaiano Valle,December,Saturday,9,18149,15569,1244,5866
45.435295453028814,9.15063257398111,Barona,45.4787872148271,9.250721564728932,Lambrate,June,Thursday,11,16550,12646,1605,5322
45.433600329823236,9.210084630432284,Scalo Romana,45.45934644924635,9.200863635975733,Guastalla,November,Saturday,4,4402,6962,654,2851
45.478343799808265,9.203526740658777,Buenos Aires - Venezia,45.46202853647524,9.18815169710234,Duomo,July,Wednesday,12,3697,2758,964,1119
45.48506607126837,9.13316973898452,QT8,45.47647525573347,9.224384481042744,Città Studi,January,Wednesday,16,9448,10633,1660,2829
45.43495804174199,9.181241658052793,Stadera,45.509306017334204,9.152172669768063,Bovisa,June,Monday,9,30735,12383,1966,4816
45.50009559718266,9.245071303455713,Cimiano,45.45617641510093,9.193021486672619,Vigentina,March,Thursday,7,14430,9167,1921,3187
45.505937392528544,9.19649170888575,Prato Centenaro,45.46539426989008,9.234431917274366,Corsica,July,Tuesday,8,7673,8362,1623,3732
45.51706994417038,9.18831823101861,Niguarda,45.49971332275419,9.238896445299378,Cimiano,September,Thursday,18,6738,8346,1488,3158
45.472517041469935,9.20071895978786,Guastalla,45.49873965477086,9.168651475215052,Bovisa,December,Tuesday,18,5139,5735,1225,2446
45.447229209539,9.193771093499528,Vigentina,45.51910412204528,9.214656032316622,Bicocca,November,Tuesday,11,10557,10558,1835,3363
45.506369275095345,9.241069026049713,Adriano,45.50214873366444,9.252550040955327,San Gregorio,December,Friday,7,3455,3025,643,2306
45.432169311331,9.204843257143198,Ripamonti,45.49290559075407,9.168188926706627,Farini,May,Tuesday,11,9395,13910,1714,4059
45.44576759277974,9.121765017488798,Lorenteggio,45.51207346942873,9.179364529485706,Parco Nord,September,Tuesday,18,23133,13827,1710,3697
45.46926786824055,9.150855592688227,De Angeli - Monte Rosa,45.50494726752533,9.116234643929133,major cemetery of Milan,September,Friday,20,5767,7478,663,2733
45.473722701282114,9.194687436492455,Milano Area C,45.501651378971545,9.204304791775225,Maciachini - Maggiolina,February,Friday,21,4378,4593,733,1839
45.49224178415384,9.226479677868188,Turro,45.51195113621998,9.237923503156871,Adriano,June,Tuesday,21,2859,3225,389,2617
45.46612161037239,9.211766315752413,Porta Monforte,45.50332906424748,9.145104669698759,Villapizzone,August,Tuesday,8,8240,8250,1725,3045
45.47325021023446,9.194549412328021,Milano Area C,45.50553043880039,9.20530699696414,Segnano,March,Tuesday,11,5017,5318,959,1796
45.508716121402344,9.223203923846278,Precotto,45.4511335067903,9.142336309621697,Bande Nere,January,Monday,5,12783,11916,1596,4872
45.51256409031471,9.258185796890528,Adriano,45.47767919968117,9.200628071386205,Centrale,April,Sunday,22,8195,8181,930,2506
45.511096072306394,9.16306452510698,Bovisasca,45.4521880469384,9.174473778463254,Zona Navigli,April,Thursday,18,10415,9852,1754,3177
45.468803643795404,9.164012839935141,Pagano,45.467468169206015,9.194296369340284,Duomo,February,Thursday,16,3012,3433,901,1246
45.498074862358486,9.246463810685375,Cimiano,45.45320163930472,9.196623955095083,Vigentina,April,Tuesday,13,18226,9297,1803,3473
45.46896889202736,9.22041608091535,Cascina Acquabella,45.49655203619174,9.143687979860248,Boldinasco,June,Tuesday,22,7750,8934,1055,3762
45.49528712893519,9.228494598168021,Turro,45.47029569876108,9.131961577400306,Selinunte,July,Friday,13,10559,10610,1773,3701
45.484003096557814,9.135452578721393,QT8,45.469855558828066,9.23384715679585,Cascina Acquabella,April,Friday,10,10605,12230,1822,3762
45.49372003931657,9.229139239680718,Turro,45.505077994602885,9.2298597378424,Gorla,April,Sunday,1,2441,1877,358,1931
45.43507768225817,9.195662021428411,Morivione,45.48120521770887,9.162492575038273,Portello,July,Saturday,16,7157,11908,1324,3234
45.509020318614134,9.129006911923204,Musocco,45.45864272996544,9.117065553596866,Forze Armate,October,Friday,10,15256,14613,984,3891
45.51330024455036,9.158584187754597,Bovisasca,45.43272249200859,9.211799224963917,Scalo Romana,November,Monday,5,13789,15826,1729,4974
45.45475296930293,9.133007710094445,Arzaga,45.498971351107784,9.198022708835808,Maciachini - Maggiolina,December,Friday,14,9727,9443,1409,2671
45.51442553037582,9.178022410978055,Parco Nord,45.45627519494807,9.17986992953788,Porta Ticinese,January,Friday,10,8858,9030,1837,2810
45.427975043029214,9.256233491859929,Triulzo Superiore,45.45748824409521,9.140010849639616,Arzaga,December,Monday,19,25540,13936,1536,4284
45.428081091741426,9.170645052421943,Conca Fallata,45.43172019150049,9.153094154531242,Quartiere Sant’Ambrogio,June,Sunday,18,4041,2754,456,2602
45.51232582807248,9.187755037368964,Niguarda,45.48661433603454,9.189927169394162,Isola,March,Saturday,20,3660,4853,681,2260
45.43593252312907,9.164931189466056,Moncucco,45.47874873028684,9.245677120729573,Lambrate,May,Sunday,18,28625,11812,1273,3790
45.51816407161381,9.145112394515303,Quarto Oggiaro,45.44623165213663,9.252699312760198,Taliedo,March,Tuesday,21,25942,16366,1374,6197
45.49745309171474,9.154175614262334,Villapizzone,45.50007679174754,9.229850695521321,Turro,December,Friday,15,7871,11603,1581,3998
45.472724848410905,9.201165834025113,Guastalla,45.4976114993542,9.194166724422601,Zona Zara,September,Saturday,16,4340,4169,850,1931
45.48712994626577,9.118894473378685,Lampugnano,45.44595318752457,9.21947270484893,Lodi - Corvetto,November,Monday,6,11128,17651,1541,3990
45.49834744615373,9.146166095914463,Villapizzone,45.45868954351005,9.160818538611101,Washington,April,Thursday,1,6003,6349,824,4233
45.45695012532258,9.200618503516358,Guastalla,45.461912262181606,9.19933627608797,Guastalla,January,Saturday,22,1239,784,234,851
45.50089176812974,9.157672500534478,Bovisa,45.49828880543223,9.203957885118314,Greco,December,Friday,23,7383,5054,956,3513
45.47757762009126,9.111448190041976,parco Aldo Aniasi,45.51015433485581,9.230117580507224,Precotto,May,Sunday,7,14648,14220,1673,3460
45.517357394917205,9.204556957024213,Niguarda,45.510642950704224,9.232447386988975,Precotto,February,Friday,0,4084,4775,518,2454
45.50815975276259,9.191822500484927,Niguarda,45.51588849601786,9.11707876947604,Roserio,January,Friday,5,13090,11960,776,5692
45.486652627291534,9.255221565296543,San Gregorio,45.471297422408504,9.204635053952972,Guastalla,January,Friday,12,6192,5151,1081,3181
45.45036062956305,9.181280993885858,Porta Ticinese,45.47407313415113,9.146228819082884,De Angeli - Monte Rosa,April,Saturday,7,5027,5973,833,2607
45.45907360970017,9.254248771464816,Cascina Casanova,45.502496080576954,9.155022619768118,Bovisa,October,Saturday,6,32061,11470,1706,4418
45.50046851007513,9.199453367681206,Maciachini - Maggiolina,45.479782452110875,9.17447260251977,Sarpi,September,Tuesday,16,4872,4376,995,1799
45.42302055513708,9.166262898760705,Conca Fallata,45.50799824097898,9.122265909689412,Musocco,April,Wednesday,16,24481,15405,1216,4485
45.49917343282958,9.251061486989343,Parco Lambro,45.46156423949121,9.256260726684241,Cascina Casanova,November,Saturday,10,8960,11885,769,4808
45.464099003782486,9.179560412882527,Duomo,45.51694117012449,9.242041982940162,Adriano,August,Sunday,13,10322,10135,1697,3087
45.46404538733266,9.255601137359708,Cascina Casanova,45.443099181965955,9.134243479656304,Ronchetto Sul Naviglio,December,Wednesday,22,15598,12066,1305,5644
45.48759481824809,9.156593505095527,Portello,45.469214879514,9.13068809445225,Selinunte,November,Thursday,14,3425,3572,625,2607
45.47754338434085,9.238238613162778,Lambrate,45.46727038153309,9.139993727792307,Bande Nere,October,Monday,10,11311,10358,1948,3140
45.51529311266756,9.218892867197491,Precotto,45.46548700677561,9.235073153098485,Corsica,June,Tuesday,0,14124,7646,998,4504
45.44174726498651,9.185310608655886,Tibaldi,45.50368325449533,9.228590232075666,Gorla,May,Thursday,8,9508,12579,2053,3680
45.450167094347314,9.1387427778828,Giambellino,45.4366647022108,9.234469967708703,Rogoredo,June,Tuesday,3,9470,8947,1134,5319
45.49454034480088,9.191449195879812,Zona Zara,45.48395251280832,9.1254032159269,Ippodromo del Galoppo,October,Wednesday,1,7407,8982,962,5126
45.448808161454465,9.158783112700192,Zona Navigli,45.436826765178466,9.127312399251203,Ronchetto sul Naviglio,May,Monday,18,3561,3270,575,1470
45.49897697533516,9.185611865923413,Dergano,45.49366980510627,9.22477494926049,Turro,November,Tuesday,7,4362,5448,966,2975
45.47285421571105,9.202612382540487,Guastalla,45.50183221139415,9.117716137168584,Garegnano,March,Friday,10,9371,10646,1390,2926
45.46016931545017,9.19875304350889,Guastalla,45.51435650225987,9.165780001558675,Affori,November,Thursday,2,9186,9878,1146,3852
45.46294953796637,9.22676658609055,Corsica,45.4538188010148,9.249294223476328,Taliedo,January,Saturday,7,4833,2867,556,1726
45.45012597936723,9.153221862186506,Giambellino,45.477341568798586,9.198421122684676,Centrale,August,Thursday,20,7909,9246,1501,3010
45.426998518615505,9.226123582698747,Parco della Vettabbia,45.45129827412923,9.190379940953028,Vigentina,April,Wednesday,20,5049,5716,753,3539
45.50602600504428,9.178833452915594,Dergano,45.42469628371758,9.146545626290072,Boffalora,December,Thursday,14,12491,12470,1707,4304
45.51218178578908,9.131052632398434,Vialba,45.49791526192545,9.198174418094709,Maciachini - Maggiolina,September,Friday,6,7235,10079,1075,3423
45.43655640174052,9.129544341520305,Ronchetto sul Naviglio,45.51130275046472,9.159428875816811,Bovisasca,April,Friday,21,19435,15068,1332,6266
45.42550109861182,9.133401490779638,Boffalora,45.467615416649174,9.194472883860525,Duomo,December,Saturday,6,9739,8078,1369,4749
45.45019381994019,9.136364460589595,Lorenteggio,45.492200122083275,9.248415041365796,Parco Lambro,April,Tuesday,17,20554,13383,2360,4092
45.443348180682186,9.19806533338971,Scalo Romana,45.50287109372479,9.24966939252142,Cimiano,September,Monday,17,17797,17059,1517,4329
45.46028989123445,9.24491711811947,Quartiere Forlanini,45.50045189074862,9.221009937279122,Gorla,June,Saturday,17,12710,7922,1052,2763
45.47232349560864,9.242760171968026,Ortica,45.44996169551991,9.1471687459612,Giambellino,June,Thursday,8,17502,11898,2253,3482
45.51518145253284,9.25314202315755,Adriano,45.45753708705729,9.243090457106666,Quartiere Forlanini,April,Monday,9,10157,10843,999,3799
45.471295245832096,9.254595399981772,Cascina Casanova,45.42249955348164,9.224339368874437,Parco della Vettabbia,May,Sunday,21,12134,8079,905,5074
45.500530927032806,9.122955942449897,Garegnano,45.4621547397139,9.249862495353117,Cavriano,July,Monday,18,32394,16721,2001,5242
45.44218988568253,9.156986020800517,San Cristoforo,45.503815561655486,9.174442172329671,Dergano,November,Thursday,12,9156,9847,1391,3384
45.498970101931754,9.12470182732028,Boldinasco,45.45255793011448,9.167995608259737,Porta Genova,May,Thursday,0,7439,9611,972,4264
45.451842190846044,9.241271116472939,La Trecca,45.52136939442099,9.199187304797626,Niguarda,July,Thursday,0,17741,11368,1436,16848
45.50773631220702,9.118087300612927,Musocco,45.47926583399473,9.149556792276936,De Angeli - Monte Rosa,March,Sunday,2,5338,5238,512,15572
45.45473872280841,9.1233629312332,Lorenteggio,45.447459139878696,9.179017854079861,Porta Ticinese,October,Sunday,9,6577,7978,938,2993
45.494339030424875,9.257895848810811,San Gregorio,45.51275158639538,9.24263720524906,Adriano,February,Tuesday,11,7511,5907,727,3248
45.42470330535484,9.23314606946834,Lodi - Corvetto,45.5012192753451,9.220596085231927,Gorla,April,Saturday,23,9318,12455,1133,5178
45.4982124008409,9.16560098184549,Ghisolfa,45.48423471345891,9.187413970015138,GARIBALDI REPUBBLICA,May,Wednesday,23,3281,3595,409,2235
45.48495567318134,9.168864675981446,Bullona,45.51294818540546,9.15886284668679,Bovisasca,April,Tuesday,18,6015,8321,896,3076
45.51364081388053,9.245744203683477,Adriano,45.4749946764977,9.210797985856358,Buenos Aires - Venezia,October,Friday,20,6895,8854,1099,2789
45.488885905538524,9.115434823705035,Lampugnano,45.4256572848655,9.169526692009025,Conca Fallata,October,Saturday,3,10518,16803,1106,6121
45.46998530048573,9.22346199571576,Cascina Acquabella,45.49822983518781,9.167470439825253,Ghisolfa,September,Tuesday,7,6162,6562,1105,2327
45.469443565934874,9.213441086487144,Cascina Acquabella,45.48854218321684,9.129409996319279,Lampugnano,March,Monday,12,10519,8859,1548,2634
45.48564059894304,9.22655390338297,Casoretto,45.508477453071684,9.187200910539389,Ospedale Niguarda Ca' Granda,September,Tuesday,10,4860,6252,1157,3063
45.502194477533756,9.256939909692706,San Gregorio,45.516832031674035,9.163695049405971,Affori,September,Thursday,9,21175,15369,1595,5154
45.442363233002936,9.198262996866218,Scalo Romana,45.49329545239669,9.130383963036184,Gallaratese,December,Friday,3,9869,10123,1222,5629
45.43017476974644,9.159395631233595,Quartiere Sant’Ambrogio,45.45754951659894,9.21513447602152,XXII Marzo,August,Monday,23,7366,10111,863,4202
45.45499498789802,9.13094626235063,Arzaga,45.49751912040426,9.193973640057186,Zona Zara,April,Wednesday,2,8851,9850,1106,5892
45.45490785249453,9.189630509038876,Vigentina,45.432669544701255,9.151287359448379,Barona,October,Sunday,2,6251,7299,790,4349
45.45048531486055,9.187739141003911,Vigentina,45.47160049839684,9.216576338415512,Cascina Acquabella,March,Tuesday,1,5068,5458,712,2282
45.49106225165856,9.204219190670885,Centrale,45.465945353450216,9.127891666767288,Bande Nere,March,Monday,17,8522,11440,1558,2624
45.4404331934682,9.237371587156609,Lodi - Corvetto,45.50603114659741,9.13719484430252,Musocco,October,Monday,6,31850,18150,1841,4946
45.47306314881144,9.229788230583026,Città Studi,45.46138795256431,9.166846618640045,Magenta - San Vittore,October,Saturday,6,7702,8321,1173,2934
45.474734262533715,9.215866166003591,Buenos Aires - Venezia,45.48202558180166,9.169543925616532,Chinatown,February,Tuesday,17,5126,5099,1281,2778
45.43478827069241,9.142628570337694,Barona,45.44074071451201,9.166408609393143,Moncucco,December,Saturday,13,2497,3024,520,1883
45.447504135614665,9.122366360209563,Lorenteggio,45.42982637676746,9.20663726793701,Ripamonti,September,Thursday,10,9053,10506,1371,3988
45.46892294653897,9.2385424706117,Cavriano,45.461460083718805,9.13058083245996,Bande Nere,May,Saturday,7,10599,12003,1702,3919
45.46658416510214,9.154652692192375,Washington,45.51420407841775,9.246658003442572,Adriano,July,Thursday,8,25774,14207,2407,3037
45.48860356553247,9.175987404355842,Porta Volta,45.47820819494497,9.136630130500771,San Siro,September,Friday,11,5434,5474,1263,1690
45.44643223462726,9.144433274108414,Giambellino,45.43488497236501,9.203648087167434,Ripamonti,June,Thursday,3,6221,6960,770,5056
45.451136230542254,9.182237282832059,Porta Ticinese,45.50779590203349,9.17317207842785,Dergano,September,Thursday,11,11638,8426,1891,3153
45.49363928256876,9.151199297094387,Cagnola,45.47213149872463,9.16062355247488,Pagano,October,Tuesday,23,3286,3421,534,2419
45.457204034866834,9.223970449676846,Ortomercato,45.453117348430936,9.17660519032347,Zona Navigli,October,Sunday,7,4907,4689,684,3244
45.51120259460348,9.150284184133486,Villapizzone,45.49115496194249,9.146758228085734,Portello,June,Wednesday,9,5847,5225,539,2157
45.47438977522604,9.149345869666009,De Angeli - Monte Rosa,45.48633940765425,9.14951394161447,Portello,July,Sunday,16,2094,2102,412,1570
45.51646720807369,9.225444632636405,Precotto,45.49558092115013,9.24645160123449,Parco Lambro,June,Wednesday,6,5773,4431,1272,2505
45.48475268587907,9.172889064180001,Bullona,45.4606042459626,9.173510117495013,Duomo,August,Saturday,16,3501,4915,698,1714
45.430861957328744,9.254566345401248,Triulzo Superiore,45.50233859535905,9.245282926522083,Cimiano,July,Sunday,23,11466,14883,636,3912
45.47964518307307,9.161669889286221,Tre Torri,45.510946850507295,9.188102395719614,Ospedale Niguarda Ca' Granda,July,Sunday,5,5748,5140,878,4134
45.47507850525302,9.251701998277953,Lambrate,45.434695066529166,9.24961976349776,Rogoredo,August,Monday,6,6764,10351,328,3681
45.47214014677778,9.118279632507983,Quarto Cagnino,45.51145051197305,9.251520531188577,Adriano,June,Wednesday,12,25352,16664,1574,3966
45.458925313564116,9.174530981895636,Porta Genova,45.49170461477411,9.225894436013728,Turro,February,Tuesday,10,6760,7467,1581,2914
45.51680726443601,9.143165781076064,Quarto Oggiaro,45.43985422734646,9.247943464070387,Mecenate,September,Tuesday,5,27419,19518,1712,5418
45.44626216334359,9.115394850729492,Lorenteggio,45.4625912052038,9.204440980467846,Guastalla,September,Saturday,15,8890,9799,1632,3771
45.512455288115405,9.142795770032563,Quarto Oggiaro,45.46238077707812,9.180852760500995,Duomo,April,Tuesday,9,8502,8324,1503,3703
45.42916985446642,9.210925062477333,Vaiano Valle,45.50111084514317,9.145074342465152,Villapizzone,November,Tuesday,20,30992,10794,1699,5550
45.497105808666376,9.171498637880521,Bovisa,45.500260713388286,9.132894723446897,Garegnano,May,Wednesday,5,4040,4147,528,2966
45.461367345604934,9.244026813021302,Quartiere Forlanini,45.47351195565823,9.195157746573766,Milano Area C,October,Wednesday,0,5277,6014,757,2921
45.49445083713464,9.239595095502205,Rottole,45.42967174456607,9.238815076184622,Rogoredo,August,Monday,18,10465,12668,794,2909
45.466062829160684,9.201010112826161,Porta Monforte,45.49604189032126,9.134749380477178,Garegnano,August,Tuesday,11,7163,9717,1335,2329
45.48362260427401,9.22057360351378,Città Studi,45.468166535637515,9.220261977444697,Cascina Acquabella,October,Friday,10,2840,2359,572,1417
45.48666726085456,9.183995715983839,GARIBALDI REPUBBLICA,45.447717886309725,9.126750206152405,Lorenteggio,December,Tuesday,21,10396,8491,1264,3173
45.46045094673472,9.202650233055836,Guastalla,45.51767954155479,9.220356201181762,Bicocca,December,Wednesday,2,7810,7829,948,3508
45.502866770027296,9.2111968223135,Greco,45.47217945190184,9.162921306205899,Pagano,August,Wednesday,2,6181,12986,820,4601
45.4459955010379,9.125935274240213,Giambellino,45.427620066840475,9.136335002727115,Ronchetto sul Naviglio,November,Saturday,5,5444,3501,589,3276
45.45314188961962,9.118310254706401,Lorenteggio,45.47818046630472,9.120065288533631,San Siro,November,Tuesday,19,4037,4403,684,2369
45.465144795014005,9.154437114711135,Washington,45.50779648699297,9.211256274544136,Segnano,April,Saturday,15,9996,8246,1486,3049
45.424765294959585,9.16263801115678,Conca Fallata,45.48285903323522,9.146183728596192,De Angeli - Monte Rosa,April,Friday,16,8437,10554,1391,3564
45.51775847140533,9.117808819509131,Luigi Sacco Hospital,45.497086443978645,9.157448164054708,Villapizzone,February,Saturday,2,4316,5358,465,4137
45.46028222488243,9.217453828086697,XXII Marzo,45.4821414347473,9.230679900289136,Città Studi,April,Tuesday,7,3395,3528,680,2143
45.46581089495846,9.201252031067954,Porta Monforte,45.48072282684603,9.162619887305611,Pagano,December,Friday,7,5305,7220,1031,1981
45.51722296149058,9.235473021810837,Viale Monza,45.44729374797614,9.220987198802304,Umbria - Molise,December,Friday,21,14360,11819,1314,4445
45.49436328863843,9.165869035405303,Ghisolfa,45.5144805120869,9.119258014975294,Stephenson,August,Tuesday,16,5256,5665,731,3462
45.424535123888816,9.231245760814797,Parco della Vettabbia,45.42739991177798,9.137648875677773,Boffalora,November,Wednesday,17,9184,8845,1498,5579
45.4686475747232,9.217216686460688,Porta Monforte,45.43341576141321,9.24703513067372,Rogoredo,July,Friday,5,8089,6371,726,4466
45.43622535279915,9.176651780001935,Stadera,45.480642919475365,9.171205022027241,Sarpi,July,Friday,19,7083,8406,1316,3286
45.46859726859044,9.138826432121537,Selinunte,45.46966779166057,9.125080681871221,Quarto Cagnino,July,Saturday,5,1221,1224,175,1249
45.44965266093796,9.12762976073086,Lorenteggio,45.43229780180728,9.16178940614735,Quartiere Sant’Ambrogio,November,Saturday,22,4588,4320,551,2689
45.47214971967061,9.205696722423735,Guastalla,45.47755739083269,9.129545682231418,San Siro,December,Friday,19,9469,11380,1592,2257
45.45643150179648,9.118386979096393,Lorenteggio,45.43943281544652,9.167344630753679,Moncucco,April,Friday,12,5774,9255,910,2544
45.52007137729636,9.119049140123828,Luigi Sacco Hospital,45.51307769180699,9.179041296551938,Parco Nord,June,Friday,0,8236,7032,994,4308
45.495908690280075,9.19647331659069,Zona Zara,45.493340843267376,9.194011456759618,Zona Zara,July,Friday,17,551,446,157,475
45.47277509376048,9.195023147809223,Milano Area C,45.4723629627475,9.191413868746281,Milano Area C,June,Tuesday,7,402,379,142,390
45.46397946865796,9.113539325949386,Quarto Cagnino,45.501351952653195,9.210965082750064,Greco,December,Tuesday,17,13046,12777,2245,3504
45.43429679273714,9.186404047706224,Stadera,45.51962523990809,9.12192760906798,Luigi Sacco Hospital,June,Friday,15,28532,16808,1688,6799
45.50160507982747,9.174388482929114,Dergano,45.455017542993296,9.168397348727881,Porta Genova,May,Saturday,7,8577,8356,1095,2794
45.47606084572031,9.164487699477311,Pagano,45.43589274551786,9.139243056210086,Restocco Maroni,June,Friday,1,6095,8885,903,5598
45.44162466628097,9.211290053002712,Scalo Romana,45.49371839986918,9.184581188695626,Isola,August,Monday,10,8382,8844,1644,2406
45.50705047089816,9.249770168016182,Padova,45.48343837020863,9.170511466999358,Bullona,September,Tuesday,23,8534,11236,1127,6467
45.4681884643623,9.122994947559391,Quarto Cagnino,45.429071009608194,9.232297445296833,Nosedo,July,Sunday,17,11865,20459,1653,5008
45.49942762831908,9.242378631490746,Cimiano,45.441225901381365,9.141127565170132,Restocco Maroni,October,Saturday,12,36410,13340,1797,4026
45.504480721068404,9.210250289678415,Greco,45.51418380669679,9.216945998865656,Bicocca,August,Sunday,2,1447,1679,162,1731
45.4625489120098,9.20914558142422,XXII Marzo,45.47018793091614,9.125016601111401,Quarto Cagnino,April,Wednesday,7,8245,9018,1831,3002
45.48338586371533,9.193863315327189,Centro Direzionale di Milano,45.47315930927585,9.17571529658358,Parco Sempione,December,Monday,3,4965,4433,914,2572
45.50127566096987,9.187970857712342,Montalbino,45.50048946560961,9.233658035701538,Cimiano,December,Wednesday,1,5350,8951,761,4438
45.50527346913562,9.124624621418343,Musocco,45.426636820003246,9.211622970732565,Ripamonti,April,Monday,1,13709,14914,1620,15876
45.46758877614493,9.111975310320656,Quarto Cagnino,45.448185978805306,9.150971525762808,Giambellino,March,Friday,2,4951,7851,687,4959
45.491137246917305,9.144019492821347,Portello,45.46617089086504,9.186736486672823,Milano Area C,November,Friday,17,5755,5289,1461,2196
45.48084519085355,9.23134092735116,Città Studi,45.485100836691565,9.140913864327063,QT8,May,Saturday,5,8935,9493,1171,3212
45.45040180854545,9.12741908461308,Lorenteggio,45.500832195120694,9.179948063801056,Dergano,February,Saturday,2,9209,9779,1239,6239
45.45349321201265,9.218016026716699,Umbria - Molise,45.479298283292124,9.123872011201074,San Siro,April,Tuesday,14,10229,9469,1786,4069
45.4488271292779,9.240041276358548,Taliedo,45.49962430876063,9.214145138798946,Greco,February,Saturday,2,7913,10950,1023,5969
45.45954192876376,9.133800079731534,Arzaga,45.442395900252336,9.247507852492593,Mecenate,March,Tuesday,9,16655,12007,2152,4237
45.43516705096636,9.222798633375684,Corvetto,45.42566147089355,9.221299085028694,Vaiano Valle,May,Monday,16,1568,1263,243,1320
45.468078476190506,9.249714077054554,Cavriano,45.52062936332905,9.210703555471634,Bicocca,December,Friday,16,16471,7770,1605,3865
45.46337205210127,9.21755555764092,XXII Marzo,45.42229157973762,9.221458742348107,Parco della Vettabbia,November,Monday,6,5874,8388,798,4281
45.44534932324639,9.157966760040305,San Cristoforo,45.44879693547782,9.11871011561356,Lorenteggio,May,Saturday,11,4614,5384,706,2261
45.49797468497867,9.183279323405335,Dergano,45.428525713597956,9.137192913013292,Ronchetto sul Naviglio,April,Saturday,8,12096,11656,1478,4423
45.44054026229151,9.160013733096621,San Cristoforo,45.51249279346778,9.25462089593553,Adriano,August,Tuesday,20,33972,15945,1544,4383
45.4659381420076,9.171845910495668,Magenta - San Vittore,45.444329244129946,9.196315493320327,Ex Om - Morivione,May,Sunday,13,5271,4485,857,2851
45.50127834907754,9.17244264977455,Bovisa,45.495610235649806,9.170624241282576,Farini,November,Tuesday,20,928,925,218,946
45.47053666486233,9.220963213500296,Cascina Acquabella,45.47084789626392,9.194603452964982,Duomo,May,Wednesday,0,3001,2891,527,2088
45.487798378260486,9.219256180756704,Loreto,45.48249372826506,9.255921102950046,Lambrate,December,Thursday,4,4461,3808,528,3878
45.45274868647703,9.138954929663134,Bande Nere,45.480349705666136,9.139358184423212,Ippodromo del Galoppo,June,Friday,12,6618,4497,1001,2166
45.50639094079474,9.24566431033389,Padova,45.509281308343404,9.239716347834948,Adriano,January,Thursday,12,1222,1222,229,1251
45.45674576949392,9.126412043799402,Lorenteggio,45.47154881998738,9.160044897083223,Pagano,March,Tuesday,4,3920,4709,515,2564
45.431689645017606,9.25542648738611,Triulzo Superiore,45.520298103746214,9.193996261967381,Niguarda,August,Wednesday,23,19475,15112,1354,3640
45.50686878279835,9.205427204339404,Segnano,45.50325460820737,9.14165809557526,Villapizzone,October,Monday,8,7172,8330,1345,2566
45.518117362880695,9.211240981935891,Bicocca,45.4882056324411,9.248143309056394,Lambrate,October,Thursday,19,9993,5877,890,3471
45.50095371152189,9.113881832753036,Boldinasco,45.48805665352955,9.211172539824895,Centrale,August,Monday,13,9713,13020,1338,3773
45.47275546475652,9.25686174451191,Ortica,45.49644727036736,9.144430893903284,Boldinasco,July,Sunday,7,28654,12909,1482,4420
45.44262743187857,9.161922779286535,Moncucco,45.49336919025991,9.204826578755565,Maciachini - Maggiolina,September,Thursday,15,11526,8359,1798,2732
45.505472254099416,9.177390836611462,Dergano,45.446211458546905,9.124485940267201,Giambellino,October,Saturday,20,10029,15398,1193,3944
45.500718252582516,9.195862683357854,Montalbino,45.47774627704153,9.166464230254675,Pagano,August,Saturday,9,4641,6084,815,1878
45.4725728874213,9.20767042407006,Buenos Aires - Venezia,45.51220661899193,9.245954162632843,Adriano,August,Tuesday,23,6009,6157,941,3478
45.48544142903775,9.152417116264562,Portello,45.43248412027852,9.148049775729772,Barona,March,Friday,3,7381,11644,909,5624
45.43548833683647,9.204969242981877,Ripamonti,45.488721127073944,9.163865106381982,Ghisolfa,June,Monday,19,8718,7805,1556,3943
45.46316278945632,9.118893245799336,Quarto Cagnino,45.43286794067512,9.23140179223672,Nosedo,August,Tuesday,10,27683,11746,1708,4183
45.497045418992265,9.139059063815314,Boldinasco,45.50963631989683,9.199896510991149,Prato Centenaro,March,Saturday,16,12213,9052,896,2818
45.45425646066156,9.192871086604743,Vigentina,45.508147946199344,9.19580440981707,Prato Centenaro,May,Tuesday,20,9207,7925,1542,2399
45.44549516213283,9.132650081320747,Giambellino,45.450721173879785,9.214307441108136,Umbria - Molise,January,Friday,20,7583,7531,1178,3121
45.44822266210773,9.159770982253105,Zona Navigli,45.495512712045866,9.192978795365322,Zona Zara,March,Thursday,13,10166,6916,1582,2459
45.51732706842283,9.1244543790771,Roserio,45.451477410740395,9.2292871397526,Ortomercato,August,Wednesday,22,26178,21741,1166,33848
45.48669316547731,9.131553131787221,Lampugnano,45.48823499640783,9.247051482241751,Lambrate,August,Tuesday,14,24880,12943,1366,3771
45.494192147515534,9.22929015068748,Turro,45.484642703561704,9.15371711754251,Portello,October,Saturday,23,8045,10526,1110,4081
45.50140461710999,9.217625549780282,Gorla,45.476814320398745,9.254897721965516,Lambrate,January,Thursday,1,6068,9697,729,5551
45.5101318030909,9.203970617536843,Segnano,45.45514714926256,9.203252368881392,Porta Romana,November,Monday,11,8208,8689,1612,2246
45.45921683271819,9.201857301678572,Guastalla,45.481534358852876,9.196960040282525,GARIBALDI REPUBBLICA,October,Sunday,11,4258,4159,746,1721
45.450585191937215,9.23211863241352,Ortomercato,45.442422392592746,9.178861417304256,Tibaldi,November,Sunday,11,5213,5014,884,3256
45.453689761577095,9.249178553811477,Taliedo,45.51265870878594,9.128456702937823,Vialba,April,Thursday,1,28208,15086,1359,14515
45.43549463475003,9.190050025000929,Morivione,45.480457143688625,9.164795383920547,Pagano,December,Friday,20,6951,11386,1308,3546
45.48394453063642,9.134679494578318,QT8,45.48785572600696,9.256763369923146,San Gregorio,October,Sunday,15,27114,14518,1339,4616
45.46824319965198,9.20953198968687,Porta Monforte,45.426370831222734,9.21780853329792,Vaiano Valle,March,Saturday,7,6215,6915,891,3800
45.442101249139775,9.241263916257912,Morsenchio,45.519992378401554,9.118985475273899,Luigi Sacco Hospital,May,Thursday,8,35291,16583,2309,6159
45.47316901057372,9.13384046506928,Selinunte,45.47994683332561,9.220276741486616,Città Studi,December,Sunday,15,9463,9748,1390,2863
45.48906503690604,9.23334573492245,Casoretto,45.515265178443904,9.25698738724012,Adriano,October,Tuesday,4,4691,4100,478,2535
45.48333992383016,9.247898160121071,Lambrate,45.50494054464522,9.203800592413858,Segnano,October,Monday,17,7139,8044,1704,3379
45.444101155639515,9.142457657994868,Restocco Maroni,45.429911528633234,9.18004023316313,Stadera,August,Sunday,16,4478,4937,722,2316
45.501823810733356,9.175206432904888,Dergano,45.47604743113505,9.148780001462017,De Angeli - Monte Rosa,October,Tuesday,23,4548,4679,600,2925
45.512808731496676,9.14028185393613,Quarto Oggiaro,45.50810663583306,9.197032936078042,Prato Centenaro,September,Friday,7,7498,11032,1072,3363
45.46715577181595,9.162907976061547,Pagano,45.46662328658817,9.18478654936432,Milano Area C,May,Saturday,10,2174,2689,523,963
45.44993660148932,9.203451092014664,Porta Romana,45.47931140681118,9.131478134853046,San Siro,April,Monday,9,8216,13912,1573,2588
45.51733233565104,9.186306467183375,Parco Nord,45.50927511787819,9.171302766947873,Affori,November,Friday,2,2150,1871,310,1921
45.50215129840522,9.159538385438562,Bovisa,45.46673052448702,9.21039473454373,Porta Monforte,July,Wednesday,2,7338,8969,1026,5002
45.5048330719903,9.143176185044313,Villapizzone,45.466272662965196,9.15912618681515,Washington,December,Saturday,15,9188,5964,1097,2905
45.5181637968015,9.11392640760114,Roserio,45.49560283747269,9.221531185233166,Greco,September,Sunday,16,11399,15028,1667,4974
45.50897301584586,9.154435889507505,Bovisa,45.496812469792644,9.156624938123922,Villapizzone,June,Saturday,6,3333,4668,420,3229
45.461488597941724,9.225160969766044,Corsica,45.51142270975634,9.185431481391992,Ospedale Niguarda Ca' Granda,October,Thursday,20,8993,9234,1474,3711
45.435188795155256,9.145646603090213,Barona,45.494307011747814,9.179595767008783,Farini,July,Friday,11,10550,10777,1553,3731
45.50532931916076,9.141090855975849,Villapizzone,45.47274477901267,9.187200198037894,Milano Area C,April,Wednesday,9,6587,5874,1257,2726
45.45945610055967,9.251009258042208,Monluè,45.51696341158457,9.126102393661817,Roserio,September,Sunday,13,31832,14464,1504,6366
45.43376254040666,9.225274872994914,Nosedo,45.51889025215712,9.256103464546971,Adriano,April,Thursday,14,17552,23266,1005,6711
45.454616662226684,9.126113402591649,Lorenteggio,45.48704042988473,9.200426654825145,Abbadesse,November,Wednesday,23,10798,11978,1325,5375
45.49418060364643,9.230200289905108,Turro,45.454383497802645,9.24891302776145,Taliedo,June,Monday,0,8525,8204,716,5022
45.4865099476076,9.250788649968046,Lambrate,45.47183615475203,9.128015205036041,San Siro,September,Monday,15,31745,12326,1937,3977
45.43439540975201,9.146154394515992,Barona,45.48386417513264,9.129570205457117,Ippodromo del Galoppo,July,Tuesday,11,8494,10794,1264,3771
45.46210397707114,9.137794483578475,Arzaga,45.427473746769614,9.240423140655924,Nosedo,January,Saturday,7,12166,10866,1348,3226
45.492476662234594,9.197281074361692,Abbadesse,45.45327998099325,9.15945215201019,Tortona,June,Friday,15,7473,6211,1470,2761
45.50012019026348,9.235884661298389,Cimiano,45.49350552485892,9.162610984095366,Ghisolfa,May,Monday,18,8538,8758,1766,3360
45.50512642430319,9.22569274860122,Gorla,45.47894697131673,9.165868206128362,Pagano,August,Tuesday,20,7629,9705,1305,2805
45.476000096007354,9.2235452346037,Città Studi,45.46745785581277,9.173914218313953,Magenta - San Vittore,January,Sunday,1,5918,8352,996,3647
45.47616742501906,9.131798883343485,San Siro,45.46657291238991,9.182723704956798,Milano Area C,February,Friday,19,5711,8941,1142,1943
45.50486546230488,9.237589975640576,Cimiano,45.5212969177698,9.229889318041796,Precotto,April,Thursday,8,2327,3680,498,1591
45.464108471724316,9.19750877747591,Guastalla,45.441470170098334,9.170846232423829,Moncucco,September,Saturday,13,5914,5882,1097,2090
45.50565063551931,9.226259696466418,Gorla,45.50709431114718,9.174471838683136,Dergano,July,Friday,13,8406,8241,1193,2715
45.457257755497764,9.20177361316102,Guastalla,45.470593516489906,9.219578137699534,Cascina Acquabella,February,Friday,19,2783,3041,600,1808
45.46466790715266,9.1480858353475,Washington,45.48973896580243,9.249131602213005,Lambrate,November,Thursday,7,10490,11140,2457,2826
45.45689491662966,9.21592227163894,XXII Marzo,45.47309606147439,9.119166292497011,Quarto Cagnino,March,Wednesday,17,10140,14397,2231,3744
45.48682804574946,9.241451946521508,Lambrate,45.50399150750461,9.253394800100768,Crescenzago,May,Tuesday,14,3668,3667,592,2051
45.46323930895395,9.199098128886462,Guastalla,45.517125902751445,9.148967414732763,Bovisasca,July,Wednesday,21,10283,12209,1283,4847
45.52038296694571,9.171277356039232,Affori,45.496770905390676,9.163324909516867,Ghisolfa,August,Sunday,3,4937,4006,596,3421
45.42354296679774,9.2154673192161,Vaiano Valle,45.51029708233101,9.189663812665506,Ospedale Niguarda Ca' Granda,June,Tuesday,20,12804,15158,1800,5851
45.487270741077516,9.167899008419852,Bullona,45.46412987658638,9.24129069089074,Parco Forlanini - Ortica,August,Friday,6,8168,8996,1202,3315
45.49317689529049,9.199397994396142,Maciachini - Maggiolina,45.49105082044731,9.248166642505211,San Gregorio,March,Saturday,13,4373,5855,866,2680
45.46779618457474,9.162693582121884,Pagano,45.427125903528804,9.143787878255795,Boffalora,August,Friday,21,6713,8642,931,3247
45.51622159341776,9.136720587572231,Vialba,45.47553283909033,9.173284662244452,Parco Sempione,October,Saturday,15,6720,6533,1007,2629
45.4489732114092,9.199434755531366,Porta Romana,45.424044977378045,9.2184160517138,Vaiano Valle,January,Monday,8,7569,4545,815,2728
45.50205276278318,9.257896768812383,San Gregorio,45.4444520025261,9.142150847514461,Restocco Maroni,September,Wednesday,1,20832,22180,1433,7731
45.50014370041433,9.24628253125967,Cimiano,45.5209319142912,9.183564571691347,Niguarda,June,Friday,23,10401,10730,1370,4201
45.454396223819586,9.148263949562667,Bande Nere,45.51006694967766,9.243852044887431,Adriano,April,Sunday,6,27176,12820,1657,4775
45.46587087979726,9.21691173087624,Porta Monforte,45.48872983632109,9.114315188140775,Lampugnano,March,Tuesday,3,10721,14028,1360,4715
45.459616238834805,9.132549152626995,Arzaga,45.49186726242006,9.117225631338634,Gallaratese,October,Friday,9,4669,7357,651,1893
45.476135142578315,9.182580289189758,Milano Area C,45.481362120417295,9.16967689770716,Chinatown,April,Monday,7,1373,1482,319,855
45.436336014892625,9.194755715593026,Ripamonti,45.44000693540663,9.130236914364751,Ronchetto sul Naviglio,April,Thursday,13,5825,5764,914,2652
45.458624161899024,9.174870872483764,Porta Genova,45.493128703068486,9.208901605085538,Centrale,October,Wednesday,21,6854,6408,1026,2819
45.489859326877294,9.152372122986048,Portello,45.46840560664154,9.23939476162798,Cavriano,April,Wednesday,21,9589,10302,1320,4655
45.506804120635394,9.138445473365765,Villapizzone,45.4387624523182,9.257690075036567,Triulzo Superiore,January,Sunday,12,31600,19745,1444,5447
45.45598535805618,9.17736035987931,Porta Genova,45.48625686845961,9.200653939970323,Centrale,June,Friday,16,5826,5424,1426,2021
45.46959734868833,9.242768000217422,Cavriano,45.48007670897107,9.121231786088648,Lampugnano,July,Tuesday,5,11356,14940,1477,4743
45.438908427961195,9.160316207638678,San Cristoforo,45.46891242279456,9.201854064309037,Guastalla,July,Thursday,15,7859,7534,1456,2656
45.50148159211491,9.185734330515642,Dergano,45.44881160590886,9.20074173343845,Porta Romana,February,Saturday,15,7533,7874,1331,2216
45.47625630135233,9.21241090398631,Buenos Aires - Venezia,45.44430222066306,9.137215172381154,Giambellino,December,Friday,18,9137,9269,2161,2790
45.46666683102969,9.1881457512054,Duomo,45.500766597486624,9.255322048577943,San Gregorio,April,Friday,6,9722,9586,1176,3893
45.424058680228114,9.197502007425483,Ripamonti,45.482152860842206,9.174646367877488,Chinatown,June,Thursday,1,10295,8370,1386,5768
45.50968027892333,9.198495203600164,Prato Centenaro,45.44532111886193,9.210186388746736,Scalo Romana,January,Saturday,15,8852,9210,1447,2067
45.43709072243913,9.223491812933887,Corvetto,45.47430836500391,9.246778418509153,Ortica,October,Saturday,17,10041,6923,613,2920
45.5000475421644,9.201452201548276,Maciachini - Maggiolina,45.51199506699045,9.2394129078951,Adriano,March,Wednesday,11,4962,5197,805,2804
45.488015173393755,9.211002069592707,Centrale,45.510801049887895,9.209348349410542,Segnano,November,Monday,8,3385,3213,678,1990
45.460510496918594,9.206115108103297,Guastalla,45.4319839221671,9.179634817948417,Stadera,June,Friday,10,5407,8556,1067,2930
45.51493607829426,9.134247899631317,Vialba,45.48543198721477,9.109910351940414,Trenno,November,Monday,19,6857,10382,849,3912
45.50279041321335,9.137971075363735,Villapizzone,45.43565733906115,9.20122495643501,Ripamonti,May,Saturday,13,31587,10225,1498,4396
45.47569935611886,9.125724712739975,San Siro,45.43512269672805,9.250743049444665,Rogoredo,February,Sunday,8,33997,18237,1610,4067
45.474645934684204,9.112104933815113,Quarto Cagnino,45.4987124187513,9.213616580493357,Greco,April,Wednesday,16,11346,10947,1817,3415
45.44801508649367,9.161069415741512,Zona Navigli,45.490840939982085,9.1480876957577,Cagnola,July,Wednesday,4,6781,5777,907,3599
45.497455324078274,9.165631482586106,Ghisolfa,45.50782545489725,9.163524248666992,Bovisa,November,Monday,11,2017,2225,390,1333
45.461645802066144,9.17715253755582,Duomo,45.455171050021335,9.124400084149421,Lorenteggio,December,Wednesday,15,5988,6284,1186,2237
45.511374327412994,9.20313619389208,Segnano,45.438428849467726,9.19589855719995,Ex Om - Morivione,July,Sunday,3,10602,11236,1466,6261
45.44217754708103,9.18277149248667,Tibaldi,45.4463728945429,9.137945680575227,Giambellino,September,Friday,5,5087,4563,564,2790
45.45250680144786,9.2135457781828,Umbria - Molise,45.47719638704475,9.215325784514894,Città Studi,September,Friday,7,3203,3285,584,1529
45.4879922378201,9.23807295053043,Lambrate,45.43438101513836,9.234851221217612,Rogoredo,November,Monday,19,9661,6938,651,2020
45.46680339890519,9.2067889649327,Porta Monforte,45.44480766690756,9.158052281536484,San Cristoforo,November,Wednesday,12,6038,13809,1180,2734
45.50738900809483,9.219333948767868,Precotto,45.456126714771564,9.162118598956361,Tortona,August,Tuesday,5,10953,9521,1532,3932
45.45205256560843,9.256326302104453,Taliedo,45.44880620411925,9.230723355752197,Ortomercato,May,Sunday,18,6819,3524,544,3290
45.4875160138684,9.177508301681968,Porta Volta,45.47765090529986,9.25216616277087,Lambrate,June,Monday,8,8128,7824,2011,2867
45.450538321647585,9.226265374451362,Ortomercato,45.4310267804044,9.215076422259605,Vaiano Valle,December,Wednesday,12,4368,6042,594,3618
45.42400857272926,9.2270135258646,Nosedo,45.44617289837008,9.204677336716749,Scalo Romana,September,Thursday,15,5166,4686,799,2917
45.42485175275401,9.213990661148522,Vaiano Valle,45.44806782012583,9.166881941152312,Zona Navigli,February,Wednesday,23,6493,6615,784,4233
45.49471389043935,9.169400149998179,Farini,45.42294362362432,9.250162278221111,Triulzo Superiore,August,Tuesday,6,15254,13243,1365,4313
45.46350990730609,9.199368024069072,Guastalla,45.50562163251579,9.17279438531332,Dergano,August,Sunday,11,6762,7449,1043,2612
45.45699383091714,9.115743514887464,Forze Armate,45.44817189209367,9.183726509485965,Ticinese,October,Friday,9,8716,10518,1375,2915
45.46728496781923,9.194725130019922,Duomo,45.46906933666628,9.14017974099247,Selinunte,November,Friday,22,5422,5543,966,1731
45.466584720372666,9.233711517199374,Cascina Acquabella,45.49487959823872,9.208847470164265,Cassina de' Pomm,October,Friday,22,4898,5628,711,3207
45.450726933282176,9.180520500440245,Porta Ticinese,45.50325086431358,9.142217519897029,Villapizzone,December,Friday,17,8663,8012,1794,3660
45.43976360526581,9.123609865767778,Ronchetto Sul Naviglio,45.50440573086245,9.166168708276391,Bovisa,July,Saturday,13,11574,13366,1537,4446
45.4815982372805,9.113956531692041,Lampugnano,45.469536372352735,9.25285707330637,Cascina Casanova,June,Thursday,2,31996,19622,1604,13162
45.439545231636835,9.235621514933849,Lodi - Corvetto,45.447408000774686,9.236559976661038,Taliedo,May,Tuesday,10,1142,4019,204,3063
45.48211960107407,9.11130221954853,parco Aldo Aniasi,45.433003297498956,9.189162458482034,Stadera,August,Thursday,7,11502,13327,2012,4452
45.42501517493398,9.18986412812522,Parco delle Abbazie,45.448279746288385,9.142428517429115,Giambellino,February,Tuesday,3,6254,6241,784,5168
45.45425208794676,9.127904925123817,Arzaga,45.46267473758006,9.159481445616997,Washington,January,Sunday,1,3142,4682,445,3314
45.465077999056625,9.222086710546476,XXII Marzo,45.46761658219733,9.238664271277926,Cavriano,August,Saturday,10,2797,2766,521,2062
45.48579994516613,9.155380714206974,Portello,45.51111687524273,9.114571863049324,Musocco,May,Saturday,20,5299,4897,548,2990
45.47857615285432,9.154999026357066,Tre Torri,45.42710611346977,9.19475479973624,Parco delle Abbazie,October,Tuesday,15,7672,13039,1565,4172
45.51957318706923,9.206213584556965,Niguarda,45.48414612694608,9.122401339180753,Lampugnano,November,Monday,20,15146,13274,1189,3409
45.433566421136796,9.138186728051002,Ronchetto Sul Naviglio,45.51448235751003,9.143594703461497,Quarto Oggiaro,May,Saturday,23,13369,17197,1597,6728
45.452600110416505,9.121113575082903,Lorenteggio,45.46634215133609,9.246414968192969,Cavriano,December,Friday,21,19501,14845,1823,5726
45.464269094207914,9.206396950622151,Porta Monforte,45.44603528192177,9.138905268771099,Giambellino,December,Thursday,19,7081,13281,1705,3136
45.49623945786887,9.159970651029747,Ghisolfa,45.47799205449941,9.12915312743349,San Siro,February,Sunday,22,3812,4097,472,2053
45.42512759208679,9.16251541383617,Conca Fallata,45.42453025754312,9.178364827348199,Stadera,October,Monday,4,3681,1802,436,1883
45.512697115165,9.235231120932994,Precotto,45.44327802708703,9.145366359585413,San Cristoforo,June,Tuesday,11,36416,12838,1981,3714
45.51618220571044,9.11067756277345,Expo 2015 pavilions,45.45226582490162,9.246838622473902,Taliedo,April,Monday,13,32005,19294,2012,6661
45.51246310870902,9.236744667732053,Precotto,45.429389630334136,9.143095427760077,Boffalora,September,Wednesday,15,34989,15486,2048,5320
45.517984696771954,9.213736144911937,Bicocca,45.51949375162958,9.163400733902332,Bovisasca,August,Tuesday,15,7218,9525,1165,3307
45.451766121324546,9.208036797087614,Porta Romana,45.4530290432713,9.21292323528135,Umbria - Molise,September,Wednesday,4,585,552,132,580
45.46765338049894,9.135735028494715,Selinunte,45.44124909407806,9.161880978822209,San Cristoforo,November,Tuesday,4,4803,4356,607,3048
45.507054514433335,9.133481162065507,Musocco,45.47852042490137,9.19642380686579,Municipio 1 of Milan,November,Wednesday,21,6607,7931,969,3554
45.49580482787368,9.114972966774845,Gallaratese,45.49700214535087,9.131055342548144,Boldinasco,May,Wednesday,1,1767,1757,255,1828
45.49690280697414,9.123012567932689,Gallaratese,45.49759769390551,9.14827572109506,Cagnola,May,Sunday,13,3874,3168,512,2489
45.45838970430755,9.211486153767797,XXII Marzo,45.49643358310375,9.18738084580092,Isola,July,Saturday,10,6237,8352,1078,2596
45.46941978346412,9.128996937781139,Selinunte,45.42461165539698,9.207424013810035,Ripamonti,July,Wednesday,14,11270,10355,1633,4439
45.474827113579,9.1623338858412,Pagano,45.48433391737361,9.161342275447295,Portello,March,Sunday,22,1486,1442,275,1232
45.42875523082242,9.19804935210958,Ripamonti,45.51836129349574,9.195388143944973,Niguarda,March,Tuesday,13,38078,13588,2051,4999
45.49416262959866,9.219795951691987,Greco,45.45498896360389,9.130305648638574,Arzaga,November,Monday,8,11370,10540,2271,2419
45.45389873692372,9.207080153083131,Porta Romana,45.508148867759544,9.240830841481346,Adriano,January,Sunday,0,8111,10381,1069,4486
45.44168442529465,9.149479547918306,San Cristoforo,45.45286432108118,9.124860648299336,Lorenteggio,May,Tuesday,9,3241,3586,536,1816
45.46468106544848,9.200534097672435,Porta Monforte,45.49113446645543,9.146528674321551,Portello,April,Tuesday,18,6794,6466,1472,2685
45.484889165720965,9.118692964435313,Lampugnano,45.521316595662576,9.160808052641512,Bovisasca,December,Wednesday,0,8487,20658,835,6247
45.482201878671006,9.118896771123856,Lampugnano,45.46805433547347,9.172971640447381,Magenta - San Vittore,August,Friday,6,5669,6585,754,2503
45.456025027392144,9.16458503240864,Tortona,45.42679194829263,9.252205728131123,Triulzo Superiore,December,Thursday,10,10166,9959,1629,3071
45.50464079868419,9.11093114524271,Garegnano,45.434955880773224,9.148057709924158,Barona,July,Friday,0,11032,14878,1190,5444
45.47394412105301,9.119475761447497,Quarto Cagnino,45.50980249440277,9.138799608618873,Quarto Oggiaro,June,Sunday,4,7191,8494,895,5518
45.52137223278046,9.176414366635091,Bruzzano,45.44041057058619,9.186089963807936,Tibaldi,July,Monday,13,34988,15670,1687,4106
45.504038661103465,9.24520928314001,Padova,45.423373191471725,9.210027930218788,Vigentino,March,Saturday,21,17419,16175,1175,7374
45.51773054167797,9.227113502143578,Precotto,45.46097340516945,9.24219908570853,Quartiere Forlanini,April,Friday,22,13210,11204,936,3423
45.49931482861532,9.171471949306309,Bovisa,45.42441756522246,9.215944196230764,Vaiano Valle,February,Monday,12,40074,13393,1954,5496
45.50317376740753,9.178039010079248,Dergano,45.45946222856515,9.18565419268832,Duomo,August,Monday,11,7251,7103,1557,1781
45.44881096386751,9.186666079020613,Ticinese,45.464827699617786,9.152028141780603,Washington,November,Wednesday,20,4363,5303,844,2134
45.49536934566276,9.11040256789058,Gallaratese,45.42491649415392,9.168843126618093,Conca Fallata,December,Tuesday,17,25239,13096,1658,3319
45.49661464163532,9.244458231103875,Cimiano,45.49562193203914,9.130269918504796,Boldinasco,November,Friday,6,24534,15053,1758,4453
45.46530566361943,9.1332860979308,Bande Nere,45.44174369660858,9.157458617850738,San Cristoforo,February,Tuesday,22,4087,4318,525,2524
45.48541643687384,9.235858510008944,Città Studi,45.50628629492806,9.171093493494347,Dergano,September,Sunday,8,7073,6963,1175,2869
45.472033649124,9.110367210596648,Quarto Cagnino,45.50159234624665,9.202454150574345,Maciachini - Maggiolina,May,Sunday,6,10405,11343,1264,2737
45.50728879421647,9.202533789569763,Segnano,45.48689529019953,9.120195757174494,Lampugnano,December,Thursday,23,8826,11866,1088,3416
45.45733743790934,9.163798326634916,Tortona,45.49891325856847,9.22426970034716,Turro,September,Friday,10,8269,8320,1946,2439
45.50259564919847,9.206768747525022,Segnano,45.448215010051314,9.153759529831042,Lorenteggio,April,Monday,17,9474,10034,2163,3490
45.47133709539401,9.141101203848772,Selinunte,45.46929979085361,9.119509270089399,Quarto Cagnino,July,Thursday,11,2347,2216,457,1948
45.48871185843517,9.16496094858968,Ghisolfa,45.499079414695984,9.146010140389274,Villapizzone,November,Friday,17,2294,2482,515,1249
45.46901176756612,9.148290313089209,De Angeli - Monte Rosa,45.443867024460786,9.235313690717826,Taliedo,July,Sunday,0,10928,12250,1452,5760
45.45306075191817,9.236933770511174,Ortomercato,45.48752461345404,9.2231575110846,Casoretto,July,Wednesday,16,5199,7797,897,2977
45.488749430679974,9.1374222920925,Monte Stella,45.51532850852159,9.164110973966128,Affori,January,Monday,18,6160,11528,913,3114
45.5136547012787,9.195152005965632,Niguarda,45.429449981211384,9.231476621751664,Nosedo,February,Tuesday,6,11878,13892,1750,4524
45.47704029739212,9.189004054451829,Milano Area C,45.49523475862031,9.252533681145843,San Gregorio,February,Tuesday,12,8512,7834,1656,3098
45.497544719984624,9.191653248590924,Montalbino,45.43973886936839,9.147390149017424,Restocco Maroni,April,Sunday,23,10726,9769,1347,4441
45.44827247734176,9.219787125170964,Umbria - Molise,45.486776628955994,9.181564199610076,Porta Volta,July,Friday,12,7339,10222,1432,2828
45.46869830340124,9.225079346789194,Cascina Acquabella,45.47446260240013,9.24312986736115,Ortica,December,Monday,3,2767,1956,397,2005
45.4745654555164,9.148851554715023,De Angeli - Monte Rosa,45.51426288777173,9.237860094146184,Adriano,July,Tuesday,14,26033,11236,1768,3013
45.44102899510624,9.180757671762482,Tibaldi,45.457178469281025,9.142969599098157,Bande Nere,May,Wednesday,6,4351,4327,599,2285
45.4585071063797,9.245674448590082,Quartiere Forlanini,45.46272605223315,9.186724429208525,Duomo,December,Monday,7,7653,5502,1766,2686
45.459828318273765,9.154028094304566,Washington,45.46083700504815,9.138658434282767,Arzaga,October,Thursday,23,1776,1306,303,1337
45.45913660073889,9.133898895325938,Arzaga,45.514965634096704,9.157662829012036,Bovisasca,July,Thursday,7,11234,14523,1349,4164
45.47853255706498,9.148271584252933,De Angeli - Monte Rosa,45.516135948113195,9.186492774470512,Niguarda,July,Saturday,12,13356,9822,982,3094
45.43406696845463,9.243061470435023,Rogoredo,45.486335549443325,9.153155635745886,Portello,December,Sunday,19,14545,14846,1841,3657
45.505917016673735,9.154287071155508,Villapizzone,45.46838041709262,9.169535612464742,Magenta - San Vittore,March,Friday,3,5763,7854,813,6270
45.50730562872052,9.205652295960657,Segnano,45.428116505449324,9.231199832071916,Nosedo,March,Thursday,10,11167,12842,1822,3679
45.50314585124332,9.134908385477345,Garegnano,45.43479592601392,9.25402478827671,Rogoredo,February,Friday,17,28427,18448,1780,5673
45.42445526723557,9.135685440578754,Boffalora,45.467241388833074,9.202101066929517,Porta Monforte,February,Sunday,4,10196,10037,1214,6886
45.47074918368863,9.208486017233124,Porta Monforte,45.45608720050078,9.146477623609204,Bande Nere,November,Sunday,5,7668,15752,1025,4564
45.474944132789766,9.235296289390403,Città Studi,45.426571170540335,9.212854667813117,Vaiano Valle,March,Wednesday,16,14637,9190,1280,3921
45.44318926072091,9.20105519573133,Scalo Romana,45.44074795870524,9.163414323055996,Moncucco,November,Sunday,9,4177,3777,571,2324
45.43731946962344,9.153592159593602,San Cristoforo,45.452497041429886,9.146520112772242,Giambellino,January,Saturday,0,2297,2516,308,1574
45.508076481725304,9.145471960427713,Villapizzone,45.50555336099029,9.236306396560312,Turro,April,Thursday,15,10995,20023,1761,5437
45.4606245315996,9.257191850236945,Monluè,45.517234510038726,9.252319452747118,Adriano,January,Friday,20,11590,11826,982,5928
45.49422695937096,9.229909492404262,Turro,45.435728118769994,9.233909204001655,Rogoredo,May,Friday,22,11519,12371,773,3717
45.4522596201255,9.242634435180422,Taliedo,45.4723030278003,9.122944985932564,San Siro,November,Wednesday,14,38302,15582,1897,4938
45.49278529,9.255732404415456,San Gregorio,45.47299342794716,9.17315585124782,Parco Sempione,January,Sunday,16,9294,10649,1997,3898
45.50214577542194,9.19768562900401,Prato Centenaro,45.4568511510562,9.226184807203012,Ortomercato,December,Saturday,9,6800,6951,1186,2426
45.481524118204746,9.194741074859387,GARIBALDI REPUBBLICA,45.466803987319764,9.16729367260349,Pagano,November,Wednesday,23,4526,3559,761,2359
45.46986670615527,9.13042571734303,Selinunte,45.51357100293871,9.20931604561211,Bicocca,April,Wednesday,11,9776,13154,1528,3015
45.503360052641284,9.163263219776777,Bovisa,45.44865475808552,9.25319242018858,Taliedo,September,Saturday,7,27459,10940,1492,3960
45.46547688193797,9.115711373622405,Quarto Cagnino,45.50545655102546,9.132566132461607,Musocco,March,Friday,4,6979,11056,670,6320
45.4544724864363,9.130094243850849,Arzaga,45.4388315258341,9.162023251738958,San Cristoforo,December,Wednesday,14,3943,4329,617,2646
45.44461977373489,9.12531446265808,Giambellino,45.469725641805475,9.175219099810912,Magenta - San Vittore,September,Wednesday,2,7099,7417,963,4155
45.5066501121701,9.121722855651425,major cemetery of Milan,45.435792299633974,9.123360828822024,Ronchetto sul Naviglio,August,Sunday,14,16571,14450,1089,4217
45.438200619200835,9.135670024242694,Ronchetto sul Naviglio,45.48813116316389,9.238041305922154,Lambrate,January,Thursday,10,19666,14568,1905,3918
45.5078913756041,9.182979765431316,Ospedale Niguarda Ca' Granda,45.458343851667664,9.256600493589355,Monluè,November,Sunday,1,12439,17793,1278,7249
45.45148675353119,9.179632338403735,Porta Ticinese,45.475643621882874,9.188941611806007,Milano Area C,October,Sunday,3,4835,4176,693,3112
45.485734408081825,9.16527931683689,Bullona,45.492757887928725,9.118322206514684,Gallaratese,November,Sunday,22,5407,5716,603,1719
45.50110486143727,9.137097691819957,Garegnano,45.49595047683221,9.131268543413428,Boldinasco,June,Thursday,10,1666,1031,297,1047
45.520190352698314,9.142080583397934,Vialba,45.46494896289927,9.190029241448665,Duomo,April,Wednesday,3,11585,9241,1361,7713
45.46445529023349,9.126735492705084,Forze Armate,45.464320131597766,9.121666798728038,Quarto Cagnino,December,Thursday,22,454,592,127,611
45.44705742759619,9.167672224117439,Zona Navigli,45.449623339745386,9.18626165963686,Ticinese,February,Friday,8,3575,2378,611,1571
45.427346507466495,9.206649031924629,Ripamonti,45.51605049302432,9.21609004889827,Bicocca,June,Friday,12,23879,12521,1685,4203
45.505659900962875,9.152059685287487,Villapizzone,45.46028925191317,9.156756776048613,Washington,February,Thursday,20,6448,7028,1029,4160
45.50649194165422,9.204464696735537,Segnano,45.49023757068436,9.222012821253612,Loreto,February,Tuesday,0,3959,4136,620,3534
45.4538448737141,9.164030520317244,Tortona,45.478345354058014,9.171618100402197,Sarpi,May,Tuesday,3,3229,6796,491,3553
45.49803711467375,9.109925743408212,Gallaratese,45.43913747164617,9.125580265647763,Ronchetto Sul Naviglio,November,Thursday,13,8923,12834,1098,3287
45.43875183324869,9.153652739706674,San Cristoforo,45.47381056620437,9.21741682219894,Buenos Aires - Venezia,February,Friday,11,9047,11160,1572,3385
45.42164173485168,9.148443251940549,Cantalupa,45.478136797723145,9.146403648616133,De Angeli - Monte Rosa,September,Monday,4,8424,12977,1106,6645
45.48522660433625,9.138735505615879,QT8,45.491305063935265,9.215653018985849,Loreto,April,Tuesday,1,7300,8355,960,4503
45.51589873177958,9.130465789890671,Vialba,45.430979576645385,9.23150958416038,Nosedo,November,Tuesday,6,35023,19983,2271,5236
45.47844533692117,9.225173554530926,Città Studi,45.49626463419862,9.220097560703927,Greco,November,Thursday,20,2238,2422,433,1661
45.45173720759664,9.233410145712243,Ortomercato,45.495482317647884,9.175908692335431,Farini,September,Wednesday,6,8671,8236,1362,3654
45.47507012049142,9.224371340822,Città Studi,45.49559519237887,9.199540487844809,Maciachini - Maggiolina,August,Thursday,8,3661,3914,893,2013
45.481219116435916,9.117845744067996,Lampugnano,45.43211271113671,9.235691412127021,Nosedo,September,Friday,18,33012,19055,1976,4938
45.48805765679277,9.127699820792,Lampugnano,45.4545328434862,9.209797293699085,Porta Romana,December,Wednesday,13,9196,9074,1615,2639
45.45490925411155,9.146762570883267,Bande Nere,45.42521081583251,9.222181177794758,Vaiano Valle,December,Sunday,6,9564,9340,1118,4976
45.437836427725095,9.220508569300788,Corvetto,45.511488627997615,9.122946633244469,Stephenson,May,Thursday,0,28827,14768,1366,5664
45.43439362393932,9.205373249074983,Ripamonti,45.48689811992329,9.126729270746976,Lampugnano,April,Sunday,19,9919,10738,1521,4178
45.47723478686661,9.248351805421592,Lambrate,45.43513172563278,9.210204054188324,Scalo Romana,January,Monday,3,10245,10892,661,7454
45.46023106870779,9.208610347893819,XXII Marzo,45.51566939826149,9.188953802044635,Niguarda,September,Wednesday,1,9524,8458,1185,4866
45.4236137299867,9.141236091364943,Boffalora,45.490261602729255,9.164223620635049,Ghisolfa,January,Sunday,11,9728,12489,1515,5048
45.42709858484687,9.176267733651486,Stadera,45.473330999190715,9.19227583680435,Milano Area C,November,Tuesday,14,7753,7029,1394,2395
45.43620396722632,9.14456938860313,Barona,45.4445682057245,9.25008917169824,Morsenchio,August,Saturday,10,13555,12921,1448,5351
45.47120683036339,9.246764917223183,Ortica,45.496161803976186,9.164787362018306,Ghisolfa,July,Sunday,2,8036,8397,1017,4910
45.42409946151214,9.235036855840733,Lodi - Corvetto,45.43236928241612,9.157619169571284,Quartiere Sant’Ambrogio,June,Wednesday,15,7654,11462,1142,4608
45.48492938645941,9.178072303320395,Porta Volta,45.45783482560356,9.138237963718728,Arzaga,April,Tuesday,22,6749,6771,940,2760
45.501486490430636,9.167267903228469,Bovisa,45.516256150388735,9.1891483015521,Niguarda,August,Sunday,0,5214,5127,708,2847
45.465914067164476,9.224884279611596,Cascina Acquabella,45.4834060971139,9.196384876707635,Centro Direzionale di Milano,February,Tuesday,15,3970,4801,926,2150
45.46773736974799,9.257055903606211,Cavriano,45.44767203010303,9.161259059171146,Zona Navigli,May,Sunday,9,14501,10553,1264,4778
45.477308813028316,9.174724007643213,Municipio 1 of Milan,45.46874815469234,9.244079898734189,Cavriano,December,Wednesday,6,6812,9083,1082,3386
45.480614398624944,9.225218323823254,Città Studi,45.51011857133221,9.131786381572212,Musocco,December,Tuesday,10,9576,11019,1746,3395
45.42577884613684,9.130722856663994,Ronchetto sul Naviglio,45.47236342357882,9.236529866981728,Città Studi,December,Monday,3,13319,13955,1701,10033
45.516697202141955,9.242675391566841,Adriano,45.47227106967067,9.210040008450061,Porta Monforte,April,Wednesday,16,6966,8300,1357,2515
45.51504165656052,9.148009641693907,Bovisasca,45.454742003822346,9.143564409226048,Bande Nere,May,Sunday,17,10185,10084,1446,4317
45.42490569963488,9.248465901009066,Triulzo Superiore,45.51208724557814,9.243802230700846,Adriano,July,Wednesday,8,15096,11761,1470,4320
45.47433624796141,9.247467229328496,Ortica,45.487337955150835,9.220156530055192,Loreto,August,Monday,22,3716,4192,554,2310
45.42573245827946,9.209528698478712,Ripamonti,45.43950754151016,9.144127961971847,Restocco Maroni,August,Tuesday,12,6476,6613,908,2842
45.513505382910154,9.119305533198466,Stephenson,45.501911956281525,9.233967526757258,Cimiano,April,Saturday,22,24686,20688,1255,5734
45.455060795037774,9.16085079155188,Tortona,45.51531216489371,9.190514502835262,Niguarda,May,Wednesday,4,16960,9081,1362,5054
45.461231940017235,9.110637443670408,Forze Armate,45.48141986503842,9.20563521108857,Centrale,August,Friday,8,9655,10876,2076,2734
45.445936342979,9.154181783301,San Cristoforo,45.51984034247214,9.159686154173384,Bovisasca,May,Tuesday,9,12738,13241,1785,4516
45.474345102478345,9.19182335267226,Milano Area C,45.50627538914632,9.110841269328224,major cemetery of Milan,January,Sunday,2,8265,15650,1154,13525
45.43748777691516,9.198031948815917,Ex Om - Morivione,45.513698922210985,9.125003854079306,Vialba,May,Thursday,20,14024,12049,1774,5132
45.44351287321547,9.197870124130853,Scalo Romana,45.45913226635632,9.119704643293709,Forze Armate,September,Wednesday,22,8341,10704,1076,3895
45.51875205177252,9.21089412055013,Bicocca,45.431586775810835,9.248621338554464,Rogoredo,March,Tuesday,0,17780,18672,1078,6056
45.52142321548872,9.211282095367737,Bicocca,45.49610256244826,9.11595051639147,Gallaratese,February,Wednesday,23,14709,13262,1016,3364
45.514395721072695,9.116830549142868,Stephenson,45.42733664179864,9.14247322579526,Boffalora,July,Monday,20,13284,20758,1387,6642
45.49852206803547,9.210824557439713,Cassina de' Pomm,45.45180760907255,9.131889256248996,Lorenteggio,February,Saturday,12,11278,11720,1720,3712
45.44588423960359,9.183825038697073,Ticinese,45.50796818709042,9.217715634507666,Precotto,January,Monday,15,10673,11925,2008,3189
45.465751948657335,9.16649581577545,Magenta - San Vittore,45.49838403811897,9.129119289029937,Garegnano,November,Monday,22,5425,6277,620,2635
45.50979018265502,9.193392850396629,Prato Centenaro,45.51412615188685,9.164550405789653,Affori,April,Sunday,4,3716,3822,504,4125
45.47347235930424,9.161720087115695,Pagano,45.469935160485804,9.208055724766512,Porta Monforte,October,Monday,6,5401,5322,921,2221
45.44689602741804,9.250102344940178,Taliedo,45.504243987901106,9.120473070282825,major cemetery of Milan,September,Saturday,16,30404,14825,1637,5495
45.43581044984109,9.228554528913019,Nosedo,45.517570188463644,9.123195942052133,Roserio,August,Wednesday,3,34084,21826,1545,11142
45.436272424715455,9.179889139708505,Stadera,45.43332669243982,9.19061665831835,Morivione,June,Friday,22,1727,1425,253,1457
45.451831918236685,9.190085054489632,Vigentina,45.461380979509265,9.129137057294221,Bande Nere,August,Wednesday,12,5741,7192,1074,3074
45.466514024281004,9.149583941897463,Washington,45.480306048308705,9.246267926467313,Lambrate,April,Friday,18,28463,9794,2190,2805
45.48941797554934,9.256047473189966,San Gregorio,45.464654929363256,9.19468198272272,Duomo,December,Tuesday,10,9767,9938,1801,3539
45.480121214160704,9.214738489029418,Città Studi,45.48901501520365,9.244681349227472,Lambrate,May,Saturday,5,3299,5052,532,3006
45.439788040448775,9.208021148475003,Scalo Romana,45.44409271114203,9.204385146505654,Scalo Romana,September,Thursday,17,1005,815,198,843
45.4712971134177,9.213010447410003,Cascina Acquabella,45.4273560472693,9.13256411292119,Ronchetto sul Naviglio,April,Wednesday,23,11417,15026,1504,6181
45.514235313676394,9.219906580914015,Precotto,45.49645416342233,9.15573875015139,Cagnola,August,Friday,12,7441,10991,1096,3192
45.50312596939654,9.135380206880512,Garegnano,45.44866782458075,9.124969722560824,Lorenteggio,September,Saturday,19,18459,13137,1139,4211
45.46843904399061,9.20936283664826,Porta Monforte,45.455042926034594,9.214829682872296,XXII Marzo,August,Monday,14,2627,2267,564,1505
45.426165352004325,9.204633588189038,Ripamonti,45.424639963267175,9.134647258044858,Boffalora,September,Tuesday,9,7634,7555,1067,4656
45.474437069361194,9.25106526507696,Ortica,45.44479052077558,9.247226760808253,Morsenchio,September,Sunday,4,4495,14150,290,6068
45.4746787957899,9.18905534597235,Milano Area C,45.443384931115624,9.218886992583558,Lodi - Corvetto,June,Friday,7,6626,5654,1334,1610
45.47744586682586,9.168265498243832,Pagano,45.501255647000804,9.171016194492397,Bovisa,August,Tuesday,2,3980,9053,532,4692
45.473980262440136,9.177133662799825,Parco Sempione,45.44385502617315,9.16026045807536,San Cristoforo,March,Tuesday,19,6401,4872,1445,1927
